ceremony_year,release_year,film_title,winner,metacritic_slug,metacritic_url,critic_review_page,review_date,critic_score,publication,author,quote,full_review_url,nomination_date,ceremony_date,review_date_parsed,clean_text,film_review_count,film_review_weight
2012,2011,Extremely Loud and Incredibly Close,0,extremely-loud-and-incredibly-close,https://www.metacritic.com/movie/extremely-loud-and-incredibly-close/,https://www.metacritic.com/movie/extremely-loud-and-incredibly-close/critic-reviews/,2012-02-13,40,Empire,Angie Errigo,"It's just too tempting to dismiss it as extremely long and incredibly disappointing. It's challenging, divisive and has moments of beauty but leaves you cold. ",http://www.empireonline.com/reviews/reviewcomplete.asp?FID=137483,2012-01-24,2012-02-26,2012-02-13,"It's just too tempting to dismiss it as extremely long and incredibly disappointing. It's challenging, divisive and has moments of beauty but leaves you cold.",1,1.0
2012,2011,The Help,0,the-help,https://www.metacritic.com/movie/the-help/,https://www.metacritic.com/movie/the-help/critic-reviews/,2012-02-03,75,ReelViews,James Berardinelli,"The Help's most apparent flaw is a tendency to paint with broad strokes. With only a few exceptions, it avoids shades of gray. ",http://www.reelviews.net/php_review_template.php?identifier=2416,2012-01-24,2012-02-26,2012-02-03,"The Help's most apparent flaw is a tendency to paint with broad strokes. With only a few exceptions, it avoids shades of gray.",1,1.0
2013,2012,Amour,0,amour,https://www.metacritic.com/movie/amour/,https://www.metacritic.com/movie/amour/critic-reviews/,2013-02-16,80,New Orleans Times-Picayune,Mike Scott,Amour is a far cry from the warm-and-fuzzy version of love that most people are probably looking for on Valentine's Day. This movie is more of a slap than a hug. But reality hurts sometimes - just like love does.,http://www.nola.com/movies/index.ssf/2013/02/amour_movie_review_oscar-nomin.html#incart_river,2013-01-10,2013-02-24,2013-02-16,Amour is a far cry from the warm-and-fuzzy version of love that most people are probably looking for on Valentine's Day. This movie is more of a slap than a hug. But reality hurts sometimes - just like love does.,14,0.07142857142857142
2013,2012,Amour,0,amour,https://www.metacritic.com/movie/amour/,https://www.metacritic.com/movie/amour/critic-reviews/,2013-02-13,100,Tampa Bay Times,Steve Persall,"With Amour, it's the rare feeling of watching a masterpiece unfold.",http://www.tampabay.com/features/movies/review-amour-is-painful-but-excellent-portrait-of-an-old-couple/1274796,2013-01-10,2013-02-24,2013-02-13,"With Amour, it's the rare feeling of watching a masterpiece unfold.",14,0.07142857142857142
2013,2012,Amour,0,amour,https://www.metacritic.com/movie/amour/,https://www.metacritic.com/movie/amour/critic-reviews/,2013-02-13,88,Charlotte Observer,Lawrence Toppman,"The superb Trintignant and the Oscar-nominated Riva – who would win, in a just world – embody once-vigorous people in inevitable decline. Yet as another critic has said, the film is sad without being depressing.

",http://www.charlotteobserver.com/2013/02/07/3837727/an-amour-that-conquers-death.html,2013-01-10,2013-02-24,2013-02-13,"The superb Trintignant and the Oscar-nominated Riva – who would win, in a just world – embody once-vigorous people in inevitable decline. Yet as another critic has said, the film is sad without being depressing.",14,0.07142857142857142
2013,2012,Amour,0,amour,https://www.metacritic.com/movie/amour/,https://www.metacritic.com/movie/amour/critic-reviews/,2013-01-31,100,St. Louis Post-Dispatch,Calvin Wilson,The story is so masterfully told that one can't help but be enthralled.,http://www.stltoday.com/entertainment/movies/reviews/amour-is-an-ode-to-mature-love/article_137ddd38-7d1d-5b52-84fe-78b00e20f2ed.html,2013-01-10,2013-02-24,2013-01-31,The story is so masterfully told that one can't help but be enthralled.,14,0.07142857142857142
2013,2012,Amour,0,amour,https://www.metacritic.com/movie/amour/,https://www.metacritic.com/movie/amour/critic-reviews/,2013-01-24,89,Austin Chronicle,Marjorie Baumgarten,"Love means being helpmates throughout all of life's stages. Death is part of love's bargain, and Haneke lays this fact bare.",http://www.austinchronicle.com/calendar/film/2013-01-25/amour/,2013-01-10,2013-02-24,2013-01-24,"Love means being helpmates throughout all of life's stages. Death is part of love's bargain, and Haneke lays this fact bare.",14,0.07142857142857142
2013,2012,Amour,0,amour,https://www.metacritic.com/movie/amour/,https://www.metacritic.com/movie/amour/critic-reviews/,2013-01-24,100,Miami Herald,Rene Rodriguez,"This is the sort of small, intimate drama about unpleasant subject matter Hollywood rarely deals with, but Haneke isn't worried about turning off his audience, because death is something everyone has in common. It fascinates us, the way it also scares us.",http://www.miami.com/amour-pg-13-article,2013-01-10,2013-02-24,2013-01-24,"This is the sort of small, intimate drama about unpleasant subject matter Hollywood rarely deals with, but Haneke isn't worried about turning off his audience, because death is something everyone has in common. It fascinates us, the way it also scares us.",14,0.07142857142857142
2013,2012,Amour,0,amour,https://www.metacritic.com/movie/amour/,https://www.metacritic.com/movie/amour/critic-reviews/,2013-01-24,100,Philadelphia Inquirer,Steven Rea,"Amour arrives with plaudits and praise. But this is not hype, it is all deserved. This is a masterpiece.

",http://www.philly.com/philly/entertainment/movies/reviews/20130125__Amour___a_masterful_portrait_of_aged_devotion.html,2013-01-10,2013-02-24,2013-01-24,"Amour arrives with plaudits and praise. But this is not hype, it is all deserved. This is a masterpiece.",14,0.07142857142857142
2013,2012,Amour,0,amour,https://www.metacritic.com/movie/amour/,https://www.metacritic.com/movie/amour/critic-reviews/,2013-01-24,91,Portland Oregonian,Marc Mohan,"While what's on screen is unsparing and clinically presented, the underlying, almost invisible humanity and artistry of the film inspire rather than depress. ",http://www.oregonlive.com/movies/index.ssf/2013/01/amour_michael_hanekes_oscar-no.html,2013-01-10,2013-02-24,2013-01-24,"While what's on screen is unsparing and clinically presented, the underlying, almost invisible humanity and artistry of the film inspire rather than depress.",14,0.07142857142857142
2013,2012,Amour,0,amour,https://www.metacritic.com/movie/amour/,https://www.metacritic.com/movie/amour/critic-reviews/,2013-01-17,100,Boston Globe,Ty Burr,"What happens between two people? Only the chemistry that keeps us from stumbling through the chaos by ourselves. Is that an illusion, too? Amour says it doesn't much matter. There is no dignity in life except love. ",http://www.boston.com/ae/movies/2013/01/17/amour-bears-witness-awful-and-intimate-truth/NKxZqODLZQ43cfB84F9usM/story.html,2013-01-10,2013-02-24,2013-01-17,"What happens between two people? Only the chemistry that keeps us from stumbling through the chaos by ourselves. Is that an illusion, too? Amour says it doesn't much matter. There is no dignity in life except love.",14,0.07142857142857142
2013,2012,Amour,0,amour,https://www.metacritic.com/movie/amour/,https://www.metacritic.com/movie/amour/critic-reviews/,2013-01-11,100,The Globe and Mail (Toronto),Rick Groen,"More arduously, Riva is obliged to act out the physical decline while still registering a full spectrum of emotions. Remarkably, she does it all, even when reduced to communicating with her eyes alone. Hers is, in every sense of the phrase, a nakedly honest performance.",http://www.theglobeandmail.com/arts/film/film-reviews/amour-a-tender-tale-of-love-and-the-bodys-violent-decline/article7205638/,2013-01-10,2013-02-24,2013-01-11,"More arduously, Riva is obliged to act out the physical decline while still registering a full spectrum of emotions. Remarkably, she does it all, even when reduced to communicating with her eyes alone. Hers is, in every sense of the phrase, a nakedly honest performance.",14,0.07142857142857142
2013,2012,Amour,0,amour,https://www.metacritic.com/movie/amour/,https://www.metacritic.com/movie/amour/critic-reviews/,2013-01-10,100,Chicago Tribune,Michael Phillips,"Small, sure and stunningly acted, this is a picture of exacting control.","http://www.chicagotribune.com/entertainment/movies/sc-mov-0108-amour-20130110,0,7669963.column",2013-01-10,2013-02-24,2013-01-10,"Small, sure and stunningly acted, this is a picture of exacting control.",14,0.07142857142857142
2013,2012,Amour,0,amour,https://www.metacritic.com/movie/amour/,https://www.metacritic.com/movie/amour/critic-reviews/,2013-01-10,100,Washington Post,Ann Hornaday,"Amour is a must-see film that not everyone must see, at least right now. ","http://www.washingtonpost.com/gog/movies/love-amour,1233121/critic-review.html#reviewNum1",2013-01-10,2013-02-24,2013-01-10,"Amour is a must-see film that not everyone must see, at least right now.",14,0.07142857142857142
2013,2012,Amour,0,amour,https://www.metacritic.com/movie/amour/,https://www.metacritic.com/movie/amour/critic-reviews/,2013-01-10,90,Arizona Republic,Bill Goodykoontz,"Riva, meanwhile, is astounding, not just in the way she portrays the physical manifestation of her decline, particularly later in the film, but also earlier, when she knows she is fading and does not wish to do so. The look in her eyes, the sadness in her face, is crushing.",http://www.azcentral.com/thingstodo/movies/articles/20130107amour-movie--review-goodykoontz.html,2013-01-10,2013-02-24,2013-01-10,"Riva, meanwhile, is astounding, not just in the way she portrays the physical manifestation of her decline, particularly later in the film, but also earlier, when she knows she is fading and does not wish to do so. The look in her eyes, the sadness in her face, is crushing.",14,0.07142857142857142
2013,2012,Amour,0,amour,https://www.metacritic.com/movie/amour/,https://www.metacritic.com/movie/amour/critic-reviews/,2013-01-10,75,San Francisco Chronicle,Mick LaSalle,"Amour is also unforgettable and one of a kind, two hours of torment that, in the end, you will probably not regret.

",http://www.sfgate.com/movies/article/Amour-review-Old-age-brace-yourself-4183649.php,2013-01-10,2013-02-24,2013-01-10,"Amour is also unforgettable and one of a kind, two hours of torment that, in the end, you will probably not regret.",14,0.07142857142857142
2013,2012,Django Unchained,0,django-unchained,https://www.metacritic.com/movie/django-unchained/,https://www.metacritic.com/movie/django-unchained/critic-reviews/,2013-01-15,80,Empire,Dan Jolin,"Another strong, sparky and bloody entry in the QT canon. Although, creaking under its running time, it's not quite as uproariously entertaining as his last pseudo-historical adventure, ""Inglourious Basterds."" ",http://www.empireonline.com/reviews/reviewcomplete.asp?FID=137237,2013-01-10,2013-02-24,2013-01-15,"Another strong, sparky and bloody entry in the QT canon. Although, creaking under its running time, it's not quite as uproariously entertaining as his last pseudo-historical adventure, ""Inglourious Basterds.""",1,1.0
2013,2012,Lincoln,0,lincoln,https://www.metacritic.com/movie/lincoln/,https://www.metacritic.com/movie/lincoln/critic-reviews/,2013-01-11,80,Total Film,Kate Stables,"Steeped in the bitter political divisions of the Civil War, Spielberg's thrilling film about hardwon freedoms is immersed in its own time, but speaks eloquently to ours.",http://www.totalfilm.com/reviews/cinema/lincoln,2013-01-10,2013-02-24,2013-01-11,"Steeped in the bitter political divisions of the Civil War, Spielberg's thrilling film about hardwon freedoms is immersed in its own time, but speaks eloquently to ours.",2,0.5
2013,2012,Lincoln,0,lincoln,https://www.metacritic.com/movie/lincoln/,https://www.metacritic.com/movie/lincoln/critic-reviews/,2013-01-10,100,Empire,Ian Nathan,"As unexpected as it is intelligent, thanks to virtuoso work from Spielberg and Kushner, Lincoln is landmark filmmaking, while Day-Lewis is so authentic he pulls off that stovepipe.",http://www.empireonline.com/reviews/reviewcomplete.asp?FID=136341,2013-01-10,2013-02-24,2013-01-10,"As unexpected as it is intelligent, thanks to virtuoso work from Spielberg and Kushner, Lincoln is landmark filmmaking, while Day-Lewis is so authentic he pulls off that stovepipe.",2,0.5
2013,2012,Zero Dark Thirty,0,zero-dark-thirty,https://www.metacritic.com/movie/zero-dark-thirty/,https://www.metacritic.com/movie/zero-dark-thirty/critic-reviews/,2013-01-21,100,Empire,Kim Newman,"Gripping throughout, with an impressive central performance, this is like a Dogme 95 redo of a Chuck Norris film - by heroic effort, the good guys find and kill a bad guy. How you feel about that is something Bigelow leaves you to decide. ",http://www.empireonline.com/reviews/reviewcomplete.asp?FID=133337,2013-01-10,2013-02-24,2013-01-21,"Gripping throughout, with an impressive central performance, this is like a Dogme 95 redo of a Chuck Norris film - by heroic effort, the good guys find and kill a bad guy. How you feel about that is something Bigelow leaves you to decide.",9,0.1111111111111111
2013,2012,Zero Dark Thirty,0,zero-dark-thirty,https://www.metacritic.com/movie/zero-dark-thirty/,https://www.metacritic.com/movie/zero-dark-thirty/critic-reviews/,2013-01-16,89,Austin Chronicle,Kimberley Jones,"It's a mistake to confuse Zero Dark Thirty for ""truth"" – that would be a disservice to the high level of craftsmanship, from first-billed actors to below-the-line production crew, at work in this movie fiction – but there is admirably little fat on its bones. ",http://www.austinchronicle.com/calendar/film/2013-01-11/zero-dark-thirty/,2013-01-10,2013-02-24,2013-01-16,"It's a mistake to confuse Zero Dark Thirty for ""truth"" – that would be a disservice to the high level of craftsmanship, from first-billed actors to below-the-line production crew, at work in this movie fiction – but there is admirably little fat on its bones.",9,0.1111111111111111
2013,2012,Zero Dark Thirty,0,zero-dark-thirty,https://www.metacritic.com/movie/zero-dark-thirty/,https://www.metacritic.com/movie/zero-dark-thirty/critic-reviews/,2013-01-11,100,New Orleans Times-Picayune,Mike Scott,"The U.S. government did torture prisoners of war in the name of its so-called war on terror and, by extension, in the name of all Americans. What Bigelow and Boal seem to be arguing is that such actions take a deep cosmic toll on the people responsible -- whether directly, in the case of Chastain's character, or indirectly, in the case of you and me. ",http://www.nola.com/movies/index.ssf/2013/01/zero_dark_thirty_review.html#incart_river,2013-01-10,2013-02-24,2013-01-11,"The U.S. government did torture prisoners of war in the name of its so-called war on terror and, by extension, in the name of all Americans. What Bigelow and Boal seem to be arguing is that such actions take a deep cosmic toll on the people responsible -- whether directly, in the case of Chastain's character, or indirectly, in the case of you and me.",9,0.1111111111111111
2013,2012,Zero Dark Thirty,0,zero-dark-thirty,https://www.metacritic.com/movie/zero-dark-thirty/,https://www.metacritic.com/movie/zero-dark-thirty/critic-reviews/,2013-01-11,75,The Globe and Mail (Toronto),Liam Lacey,Not everything about Zero Dark Thirty zips by. The middle hour of the film feels overstuffed with agency chiefs and national security advisors gazing on the feisty Maya with avuncular admiration. ,http://www.theglobeandmail.com/arts/film/film-reviews/zero-dark-thirty-great-film-or-pr-exercise-for-the-cia/article7191091/,2013-01-10,2013-02-24,2013-01-11,Not everything about Zero Dark Thirty zips by. The middle hour of the film feels overstuffed with agency chiefs and national security advisors gazing on the feisty Maya with avuncular admiration.,9,0.1111111111111111
2013,2012,Zero Dark Thirty,0,zero-dark-thirty,https://www.metacritic.com/movie/zero-dark-thirty/,https://www.metacritic.com/movie/zero-dark-thirty/critic-reviews/,2013-01-11,80,Total Film,Neil Smith,"Breathlessly tense, thrillingly orchestrated and intellectually complex, this damn fine piece of rigorous, meticulous filmmaking enhances Kathryn Bigelow's status as one of her generation's most accomplished directors.",http://www.totalfilm.com/reviews/cinema/zero-dark-thirty,2013-01-10,2013-02-24,2013-01-11,"Breathlessly tense, thrillingly orchestrated and intellectually complex, this damn fine piece of rigorous, meticulous filmmaking enhances Kathryn Bigelow's status as one of her generation's most accomplished directors.",9,0.1111111111111111
2013,2012,Zero Dark Thirty,0,zero-dark-thirty,https://www.metacritic.com/movie/zero-dark-thirty/,https://www.metacritic.com/movie/zero-dark-thirty/critic-reviews/,2013-01-10,88,Charlotte Observer,Lawrence Toppman,"Zero Dark Thirty, like the mission that inspired it, commands respect, admiration, even awe in places for the logistical nightmares that had to be overcome to get it done. But it's a hard movie to love.

",http://events.charlotteobserver.com/reviews/show/14381745,2013-01-10,2013-02-24,2013-01-10,"Zero Dark Thirty, like the mission that inspired it, commands respect, admiration, even awe in places for the logistical nightmares that had to be overcome to get it done. But it's a hard movie to love.",9,0.1111111111111111
2013,2012,Zero Dark Thirty,0,zero-dark-thirty,https://www.metacritic.com/movie/zero-dark-thirty/,https://www.metacritic.com/movie/zero-dark-thirty/critic-reviews/,2013-01-10,100,St. Louis Post-Dispatch,Calvin Wilson,"Unlike too many films these days, Zero Dark Thirty dares to embrace complexity.
And that makes it not just state-of-the-art entertainment, but a great film.",http://www.stltoday.com/entertainment/movies/reviews/zero-dark-thirty-is-right-on-target/article_57ff8e1d-72cc-5e41-b5cd-ff98e11ac215.html,2013-01-10,2013-02-24,2013-01-10,"Unlike too many films these days, Zero Dark Thirty dares to embrace complexity. And that makes it not just state-of-the-art entertainment, but a great film.",9,0.1111111111111111
2013,2012,Zero Dark Thirty,0,zero-dark-thirty,https://www.metacritic.com/movie/zero-dark-thirty/,https://www.metacritic.com/movie/zero-dark-thirty/critic-reviews/,2013-01-10,100,Washington Post,Ann Hornaday,"By and large, Zero Dark Thirty dispenses with sentimentality and speculation, portraying the final mission not with triumphalist zeal or rank emotionalism but with a reserved, even mournful sense of ambivalence. ","http://www.washingtonpost.com/gog/movies/zero-dark-thirty,1211300/critic-review.html#reviewNum1",2013-01-10,2013-02-24,2013-01-10,"By and large, Zero Dark Thirty dispenses with sentimentality and speculation, portraying the final mission not with triumphalist zeal or rank emotionalism but with a reserved, even mournful sense of ambivalence.",9,0.1111111111111111
2013,2012,Zero Dark Thirty,0,zero-dark-thirty,https://www.metacritic.com/movie/zero-dark-thirty/,https://www.metacritic.com/movie/zero-dark-thirty/critic-reviews/,2013-01-10,83,Portland Oregonian,Marc Mohan,"Viewers looking for a propagandistic take will be disappointed, but even those who doubt the overall framework and existence of the so-called War on Terror should appreciate this thrilling tale of the hunt for the world's most wanted man. ",http://www.oregonlive.com/movies/index.ssf/2013/01/zero_dark_thirty_review_darkne.html,2013-01-10,2013-02-24,2013-01-10,"Viewers looking for a propagandistic take will be disappointed, but even those who doubt the overall framework and existence of the so-called War on Terror should appreciate this thrilling tale of the hunt for the world's most wanted man.",9,0.1111111111111111
2014,2013,Dallas Buyers Club,0,dallas-buyers-club,https://www.metacritic.com/movie/dallas-buyers-club/,https://www.metacritic.com/movie/dallas-buyers-club/critic-reviews/,2014-02-10,80,Total Film,Matt Glasby,"If not wholly convincing as an ‘issues’ movie, this memoir is a triumph as an actors’ showcase; with McConaughey and Leto giving the performances of their careers. ",http://www.totalfilm.com/reviews/cinema/dallas-buyers-club,2014-01-16,2014-03-02,2014-02-10,"If not wholly convincing as an ‘issues’ movie, this memoir is a triumph as an actors’ showcase; with McConaughey and Leto giving the performances of their careers.",2,0.5
2014,2013,Dallas Buyers Club,0,dallas-buyers-club,https://www.metacritic.com/movie/dallas-buyers-club/,https://www.metacritic.com/movie/dallas-buyers-club/critic-reviews/,2014-02-03,80,Empire,Ian Nathan,"Get this — Matthew McConaughey is currently the most exciting acting talent at work in movies. Next up, the simple business of a Christopher Nolan. ",http://www.empireonline.com/reviews/reviewcomplete.asp?FID=138287,2014-01-16,2014-03-02,2014-02-03,"Get this — Matthew McConaughey is currently the most exciting acting talent at work in movies. Next up, the simple business of a Christopher Nolan.",2,0.5
2014,2013,Her,0,her,https://www.metacritic.com/movie/her/,https://www.metacritic.com/movie/her/critic-reviews/,2014-02-18,60,The Guardian,Peter Bradshaw,"I wished I liked it more. It is engagingly self-aware and excruciatingly self-conscious, wearing its hipness on its sleeve; it's ingenious and yet remarkably contrived. The film seems very new, but the sentimental ending is as old as the hills. There are some great moments.",http://www.theguardian.com/film/2014/feb/13/her-review,2014-01-16,2014-03-02,2014-02-18,"I wished I liked it more. It is engagingly self-aware and excruciatingly self-conscious, wearing its hipness on its sleeve; it's ingenious and yet remarkably contrived. The film seems very new, but the sentimental ending is as old as the hills. There are some great moments.",4,0.25
2014,2013,Her,0,her,https://www.metacritic.com/movie/her/,https://www.metacritic.com/movie/her/critic-reviews/,2014-02-11,80,Time Out London,Cath Clarke,"Her is a keeper of a film, quietly dazzling.",http://www.timeout.com/london/film/her-2013,2014-01-16,2014-03-02,2014-02-11,"Her is a keeper of a film, quietly dazzling.",4,0.25
2014,2013,Her,0,her,https://www.metacritic.com/movie/her/,https://www.metacritic.com/movie/her/critic-reviews/,2014-02-10,80,Empire,Ian Nathan,"Jonze has made a sweet, smart, silly, serious film for our times, only set in the future. ",http://www.empireonline.com/reviews/review.asp?FID=138337,2014-01-16,2014-03-02,2014-02-10,"Jonze has made a sweet, smart, silly, serious film for our times, only set in the future.",4,0.25
2014,2013,Her,0,her,https://www.metacritic.com/movie/her/,https://www.metacritic.com/movie/her/critic-reviews/,2014-01-21,80,Total Film,Emma Dibdin,"For all its techno-focus, a very human love story about our need for connection. Strange, witty, honest and curiously comforting.",http://www.totalfilm.com/reviews/cinema/her,2014-01-16,2014-03-02,2014-01-21,"For all its techno-focus, a very human love story about our need for connection. Strange, witty, honest and curiously comforting.",4,0.25
2015,2014,American Sniper,0,american-sniper,https://www.metacritic.com/movie/american-sniper/,https://www.metacritic.com/movie/american-sniper/critic-reviews/,2015-02-02,83,Charlotte Observer,Lawrence Toppman,"Eastwood has directed five war movies and acted in others, and he knows there’s no single truth to convey about combat.
",http://www.charlotteobserver.com/2015/01/14/5447031/american-sniper-stays-on-target.html#.VM__wy4WLN0,2015-01-15,2015-02-22,2015-02-02,"Eastwood has directed five war movies and acted in others, and he knows there’s no single truth to convey about combat.",14,0.07142857142857142
2015,2014,American Sniper,0,american-sniper,https://www.metacritic.com/movie/american-sniper/,https://www.metacritic.com/movie/american-sniper/critic-reviews/,2015-01-23,70,Slate,Dana Stevens,"American Sniper is by no stretch a critique of the U.S. involvement in Iraq; Eastwood leaves larger questions of politics and policy entirely outside the frame of his story, an approach not uncommon in modern war films of any political stripe. ",http://www.slate.com/articles/arts/movies/2015/01/american_sniper_and_the_political_battle_over_chris_kyle.html,2015-01-15,2015-02-22,2015-01-23,"American Sniper is by no stretch a critique of the U.S. involvement in Iraq; Eastwood leaves larger questions of politics and policy entirely outside the frame of his story, an approach not uncommon in modern war films of any political stripe.",14,0.07142857142857142
2015,2014,American Sniper,0,american-sniper,https://www.metacritic.com/movie/american-sniper/,https://www.metacritic.com/movie/american-sniper/critic-reviews/,2015-01-20,75,Philadelphia Inquirer,Steven Rea,"Beefed up and twanging like a true cowboy, Cooper nonetheless carries the full weight of his character's achievements - and the questions that come with them - as he tries to find his footing back on Texas soil. If American Sniper fails at being a truly great film, it is no fault of its star.
",http://www.philly.com/philly/entertainment/movies/20150116_Pinning_down_America_s_top_military_sniper.html,2015-01-15,2015-02-22,2015-01-20,"Beefed up and twanging like a true cowboy, Cooper nonetheless carries the full weight of his character's achievements - and the questions that come with them - as he tries to find his footing back on Texas soil. If American Sniper fails at being a truly great film, it is no fault of its star.",14,0.07142857142857142
2015,2014,American Sniper,0,american-sniper,https://www.metacritic.com/movie/american-sniper/,https://www.metacritic.com/movie/american-sniper/critic-reviews/,2015-01-16,80,New Orleans Times-Picayune,Mike Scott,"What we're left with is something sobering but searing, muscular but compassionate.",http://www.nola.com/movies/index.ssf/2015/01/american_sniper_movie_review_c.html#incart_river,2015-01-15,2015-02-22,2015-01-16,"What we're left with is something sobering but searing, muscular but compassionate.",14,0.07142857142857142
2015,2014,American Sniper,0,american-sniper,https://www.metacritic.com/movie/american-sniper/,https://www.metacritic.com/movie/american-sniper/critic-reviews/,2015-01-16,58,Portland Oregonian,Marc Mohan,"If the star does his utmost to make a one-dimensional character interesting, his director, Clint Eastwood, adapts Kyle's memoir — a life story rife with moral complexity — by hammering it flat.",http://www.oregonlive.com/movies/2015/01/american_sniper_review_bradley.html#incart_river,2015-01-15,2015-02-22,2015-01-16,"If the star does his utmost to make a one-dimensional character interesting, his director, Clint Eastwood, adapts Kyle's memoir — a life story rife with moral complexity — by hammering it flat.",14,0.07142857142857142
2015,2014,American Sniper,0,american-sniper,https://www.metacritic.com/movie/american-sniper/,https://www.metacritic.com/movie/american-sniper/critic-reviews/,2015-01-15,67,Austin Chronicle,Marjorie Baumgarten,"To its credit, the film shows no interest in creating blind heroics but instead uphold the nickname Kyle earned in Iraq: the Legend.",http://www.austinchronicle.com/calendar/film/2015-01-16/american-sniper/,2015-01-15,2015-02-22,2015-01-15,"To its credit, the film shows no interest in creating blind heroics but instead uphold the nickname Kyle earned in Iraq: the Legend.",14,0.07142857142857142
2015,2014,American Sniper,0,american-sniper,https://www.metacritic.com/movie/american-sniper/,https://www.metacritic.com/movie/american-sniper/critic-reviews/,2015-01-15,50,Chicago Tribune,Michael Phillips,"The film is rarely dull; it's one life-and-death sequence after another, and the filmmaking's efficient, crisply delivered. But Eastwood honors his subject without really getting under his skin.",http://www.chicagotribune.com/entertainment/movies/ct-american-sniper-20150115-column.html,2015-01-15,2015-02-22,2015-01-15,"The film is rarely dull; it's one life-and-death sequence after another, and the filmmaking's efficient, crisply delivered. But Eastwood honors his subject without really getting under his skin.",14,0.07142857142857142
2015,2014,American Sniper,0,american-sniper,https://www.metacritic.com/movie/american-sniper/,https://www.metacritic.com/movie/american-sniper/critic-reviews/,2015-01-15,75,Miami Herald,Rene Rodriguez,"Expertly shot and choreographed in Eastwood’s clean, unfussy style, the Iraq sequences are taut, harrowing and at times excruciatingly suspenseful, particularly a setpiece in which Kyle faces off against his Iraqi counterpart, a superb sniper who has made it his mission to take down the American sharpshooter.",http://www.miami.com/039american-sniper039-r-article,2015-01-15,2015-02-22,2015-01-15,"Expertly shot and choreographed in Eastwood’s clean, unfussy style, the Iraq sequences are taut, harrowing and at times excruciatingly suspenseful, particularly a setpiece in which Kyle faces off against his Iraqi counterpart, a superb sniper who has made it his mission to take down the American sharpshooter.",14,0.07142857142857142
2015,2014,American Sniper,0,american-sniper,https://www.metacritic.com/movie/american-sniper/,https://www.metacritic.com/movie/american-sniper/critic-reviews/,2015-01-15,75,St. Louis Post-Dispatch,Joe Williams,"Taking potshots at American Sniper is like shooting fish in a barrel. So why should war-weary Americans see it? Because Eastwood remains a masterful action director, and this may be his last hurrah. Because Cooper is one of our best young actors, and he poured a lifetime of craft into stilling his character’s heartbeat.",http://www.stltoday.com/entertainment/movies/reviews/eastwood-s-american-sniper-is-a-hit-and-miss-movie/article_74623217-1e3f-51cc-a214-be38e0736ce6.html,2015-01-15,2015-02-22,2015-01-15,"Taking potshots at American Sniper is like shooting fish in a barrel. So why should war-weary Americans see it? Because Eastwood remains a masterful action director, and this may be his last hurrah. Because Cooper is one of our best young actors, and he poured a lifetime of craft into stilling his character’s heartbeat.",14,0.07142857142857142
2015,2014,American Sniper,0,american-sniper,https://www.metacritic.com/movie/american-sniper/,https://www.metacritic.com/movie/american-sniper/critic-reviews/,2015-01-15,75,Washington Post,Michael O'Sullivan,"The battle scenes are alternately tense and thrilling, especially during one climactic sequence.",http://www.washingtonpost.com/goingoutguide/movies/american-sniper-movie-review-clint-eastwoods-by-the-book-interpretation-of-chris-kyles-story/2015/01/14/d36835aa-9a86-11e4-96cc-e858eba91ced_story.html,2015-01-15,2015-02-22,2015-01-15,"The battle scenes are alternately tense and thrilling, especially during one climactic sequence.",14,0.07142857142857142
2015,2014,American Sniper,0,american-sniper,https://www.metacritic.com/movie/american-sniper/,https://www.metacritic.com/movie/american-sniper/critic-reviews/,2015-01-15,75,San Francisco Chronicle,Mick LaSalle,"Eastwood and screenwriter Jason Hall have made as good a film as could be made from the substance of Kyle’s life and career. But greatness was never a possibility, not with a protagonist not all that interesting and with the surrounding circumstances making it impossible to go deeper and risk the movie’s critique of Kyle’s becoming overt. ",http://www.sfgate.com/movies/article/American-Sniper-review-A-sly-war-film-from-6016035.php,2015-01-15,2015-02-22,2015-01-15,"Eastwood and screenwriter Jason Hall have made as good a film as could be made from the substance of Kyle’s life and career. But greatness was never a possibility, not with a protagonist not all that interesting and with the surrounding circumstances making it impossible to go deeper and risk the movie’s critique of Kyle’s becoming overt.",14,0.07142857142857142
2015,2014,American Sniper,0,american-sniper,https://www.metacritic.com/movie/american-sniper/,https://www.metacritic.com/movie/american-sniper/critic-reviews/,2015-01-15,88,Boston Globe,Ty Burr,"American Sniper may be the hardest, truest movie ever made about the experience of men in war. Why? Because there’s no glory in it.",http://www.bostonglobe.com/arts/movies/2015/01/15/bradley-cooper-stars-clint-eastwood-american-sniper/e1ZyR9HoVuguTb9eqJJ1AI/story.html,2015-01-15,2015-02-22,2015-01-15,"American Sniper may be the hardest, truest movie ever made about the experience of men in war. Why? Because there’s no glory in it.",14,0.07142857142857142
2015,2014,American Sniper,0,american-sniper,https://www.metacritic.com/movie/american-sniper/,https://www.metacritic.com/movie/american-sniper/critic-reviews/,2015-01-15,88,Chicago Sun-Times,Richard Roeper,"American Sniper isn’t some flag-waving political movie. It’s a powerful, intense portrayal of a man who was hardly the blueprint candidate to become the most prolific sniper in American military history. And yet that’s what happened.",http://entertainment.suntimes.com/movies/american-sniper-high-caliber-work-bradley-cooper/,2015-01-15,2015-02-22,2015-01-15,"American Sniper isn’t some flag-waving political movie. It’s a powerful, intense portrayal of a man who was hardly the blueprint candidate to become the most prolific sniper in American military history. And yet that’s what happened.",14,0.07142857142857142
2015,2014,American Sniper,0,american-sniper,https://www.metacritic.com/movie/american-sniper/,https://www.metacritic.com/movie/american-sniper/critic-reviews/,2015-01-15,75,The Globe and Mail (Toronto),Liam Lacey,"While the movie is narrow, it has a deep, melancholic resonance.",http://www.theglobeandmail.com/arts/film/film-reviews/american-sniper-dissecting-the-addiction-to-battle/article22465884/,2015-01-15,2015-02-22,2015-01-15,"While the movie is narrow, it has a deep, melancholic resonance.",14,0.07142857142857142
2015,2014,Birdman or (The Unexpected Virtue of Ignorance),1,birdman-or-the-unexpected-virtue-of-ignorance,https://www.metacritic.com/movie/birdman-or-the-unexpected-virtue-of-ignorance/,https://www.metacritic.com/movie/birdman-or-the-unexpected-virtue-of-ignorance/critic-reviews/,2015-02-07,83,Charlotte Observer,Lawrence Toppman,Keaton reminds us what a fine actor he could always be.,http://www.charlotteobserver.com/2014/10/29/5275602/birdman-swoops-down-some-crazy.html#.VNb8Cy6gR7Z,2015-01-15,2015-02-22,2015-02-07,Keaton reminds us what a fine actor he could always be.,1,1.0
2015,2014,Boyhood,0,boyhood,https://www.metacritic.com/movie/boyhood/,https://www.metacritic.com/movie/boyhood/critic-reviews/,2015-02-07,100,Charlotte Observer,Lawrence Toppman,"There’s not a great theme, a great performance or even a great scene in Boyhood. But I think it might be a great picture.",http://www.charlotteobserver.com/2014/07/31/5078538/boyhood-12-years-a-fave.html#.VKcUrXuzktg,2015-01-15,2015-02-22,2015-02-07,"There’s not a great theme, a great performance or even a great scene in Boyhood. But I think it might be a great picture.",1,1.0
2015,2014,The Imitation Game,0,the-imitation-game,https://www.metacritic.com/movie/the-imitation-game/,https://www.metacritic.com/movie/the-imitation-game/critic-reviews/,2015-02-02,100,Charlotte Observer,Lawrence Toppman,"This suspenseful drama reveals pieces of its puzzle steadily and slowly, until the final heartrending picture can be seen at last. Remarkably, it comes from a screenwriter who had never had a feature film produced and a director who had never made one in English.
",http://www.charlotteobserver.com/2014/12/24/5405795/the-imitation-game-is-the-real.html#.VNAAki4WLN0,2015-01-15,2015-02-22,2015-02-02,"This suspenseful drama reveals pieces of its puzzle steadily and slowly, until the final heartrending picture can be seen at last. Remarkably, it comes from a screenwriter who had never had a feature film produced and a director who had never made one in English.",2,0.5
2015,2014,The Imitation Game,0,the-imitation-game,https://www.metacritic.com/movie/the-imitation-game/,https://www.metacritic.com/movie/the-imitation-game/critic-reviews/,2015-02-02,75,Philadelphia Inquirer,Steven Rea,"It's a good story, a sad story, a story of triumph and prejudice and terrible hypocrisy. And Cumberbatch aces it all - another smartly realized but deeply soulful performance from an actor who seemingly can do no wrong.
",http://www.philly.com/philly/entertainment/movies/20141225__The_Imitation_Game__honors_wronged_WWII_hero_Alan_Turing.html,2015-01-15,2015-02-22,2015-02-02,"It's a good story, a sad story, a story of triumph and prejudice and terrible hypocrisy. And Cumberbatch aces it all - another smartly realized but deeply soulful performance from an actor who seemingly can do no wrong.",2,0.5
2015,2014,Selma,0,selma,https://www.metacritic.com/movie/selma/,https://www.metacritic.com/movie/selma/critic-reviews/,2015-02-02,80,Empire,Chris Hewitt (1),"It’s not a perfect film by any means, but it’s incredibly powerful and often moving, anchored by an awards-worthy performance from Oyelowo.",http://www.empireonline.com/reviews/review.asp?FID=138932,2015-01-15,2015-02-22,2015-02-02,"It’s not a perfect film by any means, but it’s incredibly powerful and often moving, anchored by an awards-worthy performance from Oyelowo.",3,0.3333333333333333
2015,2014,Selma,0,selma,https://www.metacritic.com/movie/selma/,https://www.metacritic.com/movie/selma/critic-reviews/,2015-02-02,80,Total Film,James Mottram,"Powerful drama, driven by a powerhouse performance, Selma is this year’s Lincoln. For Oyelowo and DuVernay, it’s a career changer. ",http://www.gamesradar.com/selma-review/,2015-01-15,2015-02-22,2015-02-02,"Powerful drama, driven by a powerhouse performance, Selma is this year’s Lincoln. For Oyelowo and DuVernay, it’s a career changer.",3,0.3333333333333333
2015,2014,Selma,0,selma,https://www.metacritic.com/movie/selma/,https://www.metacritic.com/movie/selma/critic-reviews/,2015-02-02,88,Philadelphia Inquirer,Steven Rea,"Selma may be flawed, even spurious at points. But in its larger portrait of a man of dignity, purpose, and courage, and in Oyelowo's performance as that man, the film rings true.
",http://www.philly.com/philly/entertainment/movies/20150109__Selma___A_clear_sense_of_the_mission_and_the_man.html,2015-01-15,2015-02-22,2015-02-02,"Selma may be flawed, even spurious at points. But in its larger portrait of a man of dignity, purpose, and courage, and in Oyelowo's performance as that man, the film rings true.",3,0.3333333333333333
2015,2014,Whiplash,0,whiplash,https://www.metacritic.com/movie/whiplash/,https://www.metacritic.com/movie/whiplash/critic-reviews/,2015-01-15,100,Total Film,Paul Bradshaw,"Marches to the beat of its own drum… Lands with a bang… There just aren’t enough musical clichés to describe Whiplash. A masterclass in technique, power and rhythm, it stings and sings like nothing else. ",http://www.gamesradar.com/whiplash-review/,2015-01-15,2015-02-22,2015-01-15,"Marches to the beat of its own drum… Lands with a bang… There just aren’t enough musical clichés to describe Whiplash. A masterclass in technique, power and rhythm, it stings and sings like nothing else.",1,1.0
2016,2015,The Big Short,0,the-big-short,https://www.metacritic.com/movie/the-big-short/,https://www.metacritic.com/movie/the-big-short/critic-reviews/,2016-01-18,80,Empire,Helen O'Hara,"Witty, absurd and far more entertaining than it has any right to be, this could finally shed light on the financial crisis for those of us who found it all too boring to contemplate.",http://www.empireonline.com/movies/big-short/review/,2016-01-14,2016-02-28,2016-01-18,"Witty, absurd and far more entertaining than it has any right to be, this could finally shed light on the financial crisis for those of us who found it all too boring to contemplate.",1,1.0
2016,2015,Mad Max: Fury Road,0,mad-max-fury-road,https://www.metacritic.com/movie/mad-max-fury-road/,https://www.metacritic.com/movie/mad-max-fury-road/critic-reviews/,2016-02-25,100,Consequence,Justin Gerber,"Not only has George Miller made an effective return to the wasteland of the Mad Max universe with Mad Max: Fury Road, he has surpassed most action films released … well … ever.",http://consequenceofsound.net/2015/05/film-review-mad-max-fury-road/,2016-01-14,2016-02-28,2016-02-25,"Not only has George Miller made an effective return to the wasteland of the Mad Max universe with Mad Max: Fury Road, he has surpassed most action films released … well … ever.",4,0.25
2016,2015,Mad Max: Fury Road,0,mad-max-fury-road,https://www.metacritic.com/movie/mad-max-fury-road/,https://www.metacritic.com/movie/mad-max-fury-road/critic-reviews/,2016-02-25,91,The Film Stage,Jared Mobarak,"It’s not often delays, financial dissolutions, and waning interest make a film better, but I don’t want to know what Mad Max: Fury Road might have been without them. In its current form the film embodies a logical escalation of what director George Miller began over three decades ago by embracing the insanity eating away at his titular road warrior’s resolve.",http://thefilmstage.com/reviews/review-mad-max-fury-road/,2016-01-14,2016-02-28,2016-02-25,"It’s not often delays, financial dissolutions, and waning interest make a film better, but I don’t want to know what Mad Max: Fury Road might have been without them. In its current form the film embodies a logical escalation of what director George Miller began over three decades ago by embracing the insanity eating away at his titular road warrior’s resolve.",4,0.25
2016,2015,Mad Max: Fury Road,0,mad-max-fury-road,https://www.metacritic.com/movie/mad-max-fury-road/,https://www.metacritic.com/movie/mad-max-fury-road/critic-reviews/,2016-02-25,90,ScreenCrush,Matt Singer,"Even though this is the fourth Mad Max, and it’s indebted to the style of the previous films, Fury Road stands alone. It’s better looking and more thrilling than any of the other installments. The color palette is vibrant and beautiful, and every inch of the frame is crammed with crazy, brilliant ideas.",http://screencrush.com/mad-max-fury-road-review/,2016-01-14,2016-02-28,2016-02-25,"Even though this is the fourth Mad Max, and it’s indebted to the style of the previous films, Fury Road stands alone. It’s better looking and more thrilling than any of the other installments. The color palette is vibrant and beautiful, and every inch of the frame is crammed with crazy, brilliant ideas.",4,0.25
2016,2015,Mad Max: Fury Road,0,mad-max-fury-road,https://www.metacritic.com/movie/mad-max-fury-road/,https://www.metacritic.com/movie/mad-max-fury-road/critic-reviews/,2016-02-25,100,The Seattle Times,Soren Andersen,"“Fury’s” pace is delirious, the stunts are incredible — such crashes, such explosions, such a lot of flying bodies — Hardy’s performance is a marvel of subdued conviction and Theron brings an impressive gravity to her work as Furiosa. Put it all together, and you’ve got a rousing crowd-pleaser that hits on all fast-revving cylinders.",http://www.seattletimes.com/entertainment/movies/mad-max-fury-road-latest-in-series-hits-on-all-cylinders/,2016-01-14,2016-02-28,2016-02-25,"“Fury’s” pace is delirious, the stunts are incredible — such crashes, such explosions, such a lot of flying bodies — Hardy’s performance is a marvel of subdued conviction and Theron brings an impressive gravity to her work as Furiosa. Put it all together, and you’ve got a rousing crowd-pleaser that hits on all fast-revving cylinders.",4,0.25
2016,2015,Spotlight,1,spotlight,https://www.metacritic.com/movie/spotlight/,https://www.metacritic.com/movie/spotlight/critic-reviews/,2016-01-25,80,Total Film,Jamie Graham,A rigorously detailed telling of an important story that never loses sight of the human devastation. Terrific turns from the ensemble cast.,http://www.gamesradar.com/spotlight-review/,2016-01-14,2016-02-28,2016-01-25,A rigorously detailed telling of an important story that never loses sight of the human devastation. Terrific turns from the ensemble cast.,1,1.0
2017,2016,Fences,0,fences,https://www.metacritic.com/movie/fences/,https://www.metacritic.com/movie/fences/critic-reviews/,2017-02-09,80,CineVue,John Bleasdale,"With its depth and power, Wilson's play is a blue-collar Death of a Salesman and the music of the dialogue, with Davis and Washington at the peak of their powers, makes the whole thing sing.",https://www.cine-vue.com/2017/02/film-review-fences.html,2017-01-24,2017-02-26,2017-02-09,"With its depth and power, Wilson's play is a blue-collar Death of a Salesman and the music of the dialogue, with Davis and Washington at the peak of their powers, makes the whole thing sing.",5,0.2
2017,2016,Fences,0,fences,https://www.metacritic.com/movie/fences/,https://www.metacritic.com/movie/fences/critic-reviews/,2017-02-09,80,The Telegraph,Tim Robey,"The great coup Washington delivers, beyond framing his co-star’s virtuous anguish so well, is the risky, brilliant, and frequently alienating performance he gives as Troy.",http://www.telegraph.co.uk/films/0/fences-review-denzel-washington-viola-davis-make-sensational/,2017-01-24,2017-02-26,2017-02-09,"The great coup Washington delivers, beyond framing his co-star’s virtuous anguish so well, is the risky, brilliant, and frequently alienating performance he gives as Troy.",5,0.2
2017,2016,Fences,0,fences,https://www.metacritic.com/movie/fences/,https://www.metacritic.com/movie/fences/critic-reviews/,2017-02-06,80,Time Out London,Dave Calhoun,"It’s easy to throw accusations of staginess at film adaptations of theatre like this, which honour the limitations of theatre and make only limited attempts to open up the play. But there’s a hothouse atmosphere to this domestic drama that works well on screen.",http://www.timeout.com/london/film/fences,2017-01-24,2017-02-26,2017-02-06,"It’s easy to throw accusations of staginess at film adaptations of theatre like this, which honour the limitations of theatre and make only limited attempts to open up the play. But there’s a hothouse atmosphere to this domestic drama that works well on screen.",5,0.2
2017,2016,Fences,0,fences,https://www.metacritic.com/movie/fences/,https://www.metacritic.com/movie/fences/critic-reviews/,2017-02-06,80,Total Film,Neil Smith,Denzel Washington and Viola Davis excel in a well-crafted drama that’s sure to bring the late August Wilson’s words to a much wider audience.,http://www.gamesradar.com/fences-review/,2017-01-24,2017-02-26,2017-02-06,Denzel Washington and Viola Davis excel in a well-crafted drama that’s sure to bring the late August Wilson’s words to a much wider audience.,5,0.2
2017,2016,Fences,0,fences,https://www.metacritic.com/movie/fences/,https://www.metacritic.com/movie/fences/critic-reviews/,2017-02-06,100,Empire,Terri White,"A simply extraordinary film without crashes, bangs and wallops but full of towering performances delivered with intelligence, power and heart.",http://www.empireonline.com/movies/fences/review/,2017-01-24,2017-02-26,2017-02-06,"A simply extraordinary film without crashes, bangs and wallops but full of towering performances delivered with intelligence, power and heart.",5,0.2
2017,2016,Hidden Figures,0,hidden-figures,https://www.metacritic.com/movie/hidden-figures/,https://www.metacritic.com/movie/hidden-figures/critic-reviews/,2017-02-17,80,Total Film,Kate Stables,Taraji P. Henson excels in a heart-warming history lesson that proves not only rocket men had The Right Stuff.,http://www.gamesradar.com/movies-to-watch-17-february-2017/,2017-01-24,2017-02-26,2017-02-17,Taraji P. Henson excels in a heart-warming history lesson that proves not only rocket men had The Right Stuff.,4,0.25
2017,2016,Hidden Figures,0,hidden-figures,https://www.metacritic.com/movie/hidden-figures/,https://www.metacritic.com/movie/hidden-figures/critic-reviews/,2017-02-16,60,CineVue,John Bleasdale,"This is heartfelt, inspiring stuff and there is no doubt that this is a true story that absolutely merits wider recognition.",https://www.cine-vue.com/2017/02/film-review-hidden-figures.html,2017-01-24,2017-02-26,2017-02-16,"This is heartfelt, inspiring stuff and there is no doubt that this is a true story that absolutely merits wider recognition.",4,0.25
2017,2016,Hidden Figures,0,hidden-figures,https://www.metacritic.com/movie/hidden-figures/,https://www.metacritic.com/movie/hidden-figures/critic-reviews/,2017-02-15,80,The Telegraph,Tim Robey,"Directed with what you might call resounding competence by Theodore Melfi, Hidden Figures isn’t pushing the cinematic boat out in any new directions, but it steers its prescribed course nimbly and nicely.",http://www.telegraph.co.uk/films/0/hidden-figures-review-space-race-segregation-drama-full-star/,2017-01-24,2017-02-26,2017-02-15,"Directed with what you might call resounding competence by Theodore Melfi, Hidden Figures isn’t pushing the cinematic boat out in any new directions, but it steers its prescribed course nimbly and nicely.",4,0.25
2017,2016,Hidden Figures,0,hidden-figures,https://www.metacritic.com/movie/hidden-figures/,https://www.metacritic.com/movie/hidden-figures/critic-reviews/,2017-02-13,80,Empire,Nick de Semlyen,"Essentially Parabolas & Prejudice, it isn’t the most nuanced piece of work out this month. But nuance be damned — an uplifting plea for equality, this is a story calibrated for maximum effect. ",http://www.empireonline.com/movies/hidden-figures/review/,2017-01-24,2017-02-26,2017-02-13,"Essentially Parabolas & Prejudice, it isn’t the most nuanced piece of work out this month. But nuance be damned — an uplifting plea for equality, this is a story calibrated for maximum effect.",4,0.25
2017,2016,Lion,0,lion,https://www.metacritic.com/movie/lion/,https://www.metacritic.com/movie/lion/critic-reviews/,2017-01-27,70,Arizona Republic,Bill Goodykoontz,"Davis is not above manipulating the audience at the end of the film, but so what? It works. And that closing credit, man. Some things are worth waiting for.",http://www.azcentral.com/story/entertainment/movies/billgoodykoontz/2016/12/22/lion-movie-review-nicole-kidman-dev-patel/95674646/,2017-01-24,2017-02-26,2017-01-27,"Davis is not above manipulating the audience at the end of the film, but so what? It works. And that closing credit, man. Some things are worth waiting for.",1,1.0
2017,2016,Moonlight,1,moonlight-2016,https://www.metacritic.com/movie/moonlight-2016/,https://www.metacritic.com/movie/moonlight-2016/critic-reviews/,2017-02-16,100,CineVue,Ben Nicholson,"Bold in ambition and delicate in execution, it will break your heart and then piece it back together.",https://www.cine-vue.com/2016/09/toronto-2016-moonlight-review.html,2017-01-24,2017-02-26,2017-02-16,"Bold in ambition and delicate in execution, it will break your heart and then piece it back together.",3,0.3333333333333333
2017,2016,Moonlight,1,moonlight-2016,https://www.metacritic.com/movie/moonlight-2016/,https://www.metacritic.com/movie/moonlight-2016/critic-reviews/,2017-02-13,100,Total Film,Rob James,"Sensitive, subtle and heartfelt, Jenkins’ genre-buster is a significant work that will knock you out.",http://www.gamesradar.com/moonlight-2017-review/,2017-01-24,2017-02-26,2017-02-13,"Sensitive, subtle and heartfelt, Jenkins’ genre-buster is a significant work that will knock you out.",3,0.3333333333333333
2017,2016,Moonlight,1,moonlight-2016,https://www.metacritic.com/movie/moonlight-2016/,https://www.metacritic.com/movie/moonlight-2016/critic-reviews/,2017-02-13,100,Empire,Dan Jolin,"A genre-defying film. Its visual splendour belies its tough, surface-level subject matter, while the performances pull us deep below that surface with their soulful naturalism.",http://www.empireonline.com/movies/moonlight/review/,2017-01-24,2017-02-26,2017-02-13,"A genre-defying film. Its visual splendour belies its tough, surface-level subject matter, while the performances pull us deep below that surface with their soulful naturalism.",3,0.3333333333333333
2018,2017,Lady Bird,0,lady-bird,https://www.metacritic.com/movie/lady-bird/,https://www.metacritic.com/movie/lady-bird/critic-reviews/,2018-02-12,80,Total Film,Jane Crowther,"Smart, funny and emotional, Lady Bird is a Trojan horse movie – sneaking its way into hearts and minds via well-worn tropes.",http://www.gamesradar.com/lady-bird-review/,2018-01-23,2018-03-04,2018-02-12,"Smart, funny and emotional, Lady Bird is a Trojan horse movie – sneaking its way into hearts and minds via well-worn tropes.",2,0.5
2018,2017,Lady Bird,0,lady-bird,https://www.metacritic.com/movie/lady-bird/,https://www.metacritic.com/movie/lady-bird/critic-reviews/,2018-02-12,80,Empire,Terri White,"A coming-of-age story like no other, Lady Bird is smart, emotional, funny and completely original. Rarely has a directorial debut been so assured, so singular and so heartwarmingly affecting. ",https://www.empireonline.com/movies/lady-bird/review/,2018-01-23,2018-03-04,2018-02-12,"A coming-of-age story like no other, Lady Bird is smart, emotional, funny and completely original. Rarely has a directorial debut been so assured, so singular and so heartwarmingly affecting.",2,0.5
2018,2017,Phantom Thread,0,phantom-thread,https://www.metacritic.com/movie/phantom-thread/,https://www.metacritic.com/movie/phantom-thread/critic-reviews/,2018-02-22,90,The Atlantic,Christopher Orr,Anderson directs with an understated elegance worthy of the House of Woodcock. ,https://www.theatlantic.com/entertainment/archive/2018/01/the-elegant-understatement-of-phantom-thread/549740/,2018-01-23,2018-03-04,2018-02-22,Anderson directs with an understated elegance worthy of the House of Woodcock.,3,0.3333333333333333
2018,2017,Phantom Thread,0,phantom-thread,https://www.metacritic.com/movie/phantom-thread/,https://www.metacritic.com/movie/phantom-thread/critic-reviews/,2018-01-29,100,Total Film,Kevin Harley,"Anderson crafts another classic of obsession and strange love, played by dynamite leads: Day-Lewis retires in style, Krieps is revelatory.",http://www.gamesradar.com/phantom-thread-review/,2018-01-23,2018-03-04,2018-01-29,"Anderson crafts another classic of obsession and strange love, played by dynamite leads: Day-Lewis retires in style, Krieps is revelatory.",3,0.3333333333333333
2018,2017,Phantom Thread,0,phantom-thread,https://www.metacritic.com/movie/phantom-thread/,https://www.metacritic.com/movie/phantom-thread/critic-reviews/,2018-01-29,80,Empire,Dan Jolin,"Paul Thomas Anderson does gothic romance in prestige Brit picture style, eliciting a worthy final performance from Daniel Day-Lewis that’s admirably matched by newcomer Vicky Krieps. ",https://www.empireonline.com/movies/phantom-thread/review/,2018-01-23,2018-03-04,2018-01-29,"Paul Thomas Anderson does gothic romance in prestige Brit picture style, eliciting a worthy final performance from Daniel Day-Lewis that’s admirably matched by newcomer Vicky Krieps.",3,0.3333333333333333
2018,2017,The Shape of Water,1,the-shape-of-water,https://www.metacritic.com/movie/the-shape-of-water/,https://www.metacritic.com/movie/the-shape-of-water/critic-reviews/,2018-02-12,100,Total Film,Kevin Harley,Del Toro’s Valentine to boundary-crossing love pours from the screen in ravishing torrents of feeling and style. And Hawkins is sublime.,http://www.gamesradar.com/the-shape-of-water-review/,2018-01-23,2018-03-04,2018-02-12,Del Toro’s Valentine to boundary-crossing love pours from the screen in ravishing torrents of feeling and style. And Hawkins is sublime.,2,0.5
2018,2017,The Shape of Water,1,the-shape-of-water,https://www.metacritic.com/movie/the-shape-of-water/,https://www.metacritic.com/movie/the-shape-of-water/critic-reviews/,2018-02-12,100,Empire,Olly Richards,"Describe it and this sounds completely weird and a bit creepy, like some extremely niche fetish porn with a budget. Watch it and it’s magical; fantastic in all senses. It’s the biggest risk of del Toro’s career and it could not have paid off more.",https://www.empireonline.com/movies/shape-water/review/,2018-01-23,2018-03-04,2018-02-12,"Describe it and this sounds completely weird and a bit creepy, like some extremely niche fetish porn with a budget. Watch it and it’s magical; fantastic in all senses. It’s the biggest risk of del Toro’s career and it could not have paid off more.",2,0.5
2019,2018,Green Book,1,green-book,https://www.metacritic.com/movie/green-book/,https://www.metacritic.com/movie/green-book/critic-reviews/,2019-02-04,60,The Observer (UK),Wendy Ide,"Ali beautifully captures the complexity of the man who juggles whiskey-soured, morning-after regret with a stubborn pride in his true self.",https://www.theguardian.com/film/2019/feb/03/green-book-review-peter-farrelly-viggo-mortensen-mahershala-ali,2019-01-22,2019-02-24,2019-02-04,"Ali beautifully captures the complexity of the man who juggles whiskey-soured, morning-after regret with a stubborn pride in his true self.",6,0.16666666666666666
2019,2018,Green Book,1,green-book,https://www.metacritic.com/movie/green-book/,https://www.metacritic.com/movie/green-book/critic-reviews/,2019-02-01,60,CineVue,Zoe Margolis,"Even with admirable acting, and such a crowd-pleasing, inspirational story, Green Book essentially feels like civil-rights lip-service for a white audience, and given the background to the script, it’s a disappointing portrayal of historical systemic racism, whilst ignoring its continuation in modern-day America.",https://cine-vue.com/2019/02/film-review-green-book.html,2019-01-22,2019-02-24,2019-02-01,"Even with admirable acting, and such a crowd-pleasing, inspirational story, Green Book essentially feels like civil-rights lip-service for a white audience, and given the background to the script, it’s a disappointing portrayal of historical systemic racism, whilst ignoring its continuation in modern-day America.",6,0.16666666666666666
2019,2018,Green Book,1,green-book,https://www.metacritic.com/movie/green-book/,https://www.metacritic.com/movie/green-book/critic-reviews/,2019-01-30,60,The Guardian,Peter Bradshaw,"Mahershala Ali and Viggo Mortensen are two excellent actors outclassing their material in this amiable feelgood-liberal entertainment, inspired by a true story.",https://www.theguardian.com/film/2019/jan/30/green-book-review-mahershala-ali-viggo-mortensen-peter-farrelly,2019-01-22,2019-02-24,2019-01-30,"Mahershala Ali and Viggo Mortensen are two excellent actors outclassing their material in this amiable feelgood-liberal entertainment, inspired by a true story.",6,0.16666666666666666
2019,2018,Green Book,1,green-book,https://www.metacritic.com/movie/green-book/,https://www.metacritic.com/movie/green-book/critic-reviews/,2019-01-30,38,LarsenOnFilm,Josh Larsen,"Absolutely no one—Oscar voters included—should find Mortensen’s performance anything other than excruciating. From the hand gestures to the accent, it’s as if he jumped out of a vintage photo at The Olive Garden shouting, “Unlimited breadsticks for everahbody!” ",http://www.larsenonfilm.com/green-book,2019-01-22,2019-02-24,2019-01-30,"Absolutely no one—Oscar voters included—should find Mortensen’s performance anything other than excruciating. From the hand gestures to the accent, it’s as if he jumped out of a vintage photo at The Olive Garden shouting, “Unlimited breadsticks for everahbody!”",6,0.16666666666666666
2019,2018,Green Book,1,green-book,https://www.metacritic.com/movie/green-book/,https://www.metacritic.com/movie/green-book/critic-reviews/,2019-01-28,80,Total Film,Kevin Harley,"When the sentiment threatens to turn gloopy, Ali and Mortensen’s terrific leads steer Farrelly back on-track.",https://www.gamesradar.com/green-book-review/,2019-01-22,2019-02-24,2019-01-28,"When the sentiment threatens to turn gloopy, Ali and Mortensen’s terrific leads steer Farrelly back on-track.",6,0.16666666666666666
2019,2018,Green Book,1,green-book,https://www.metacritic.com/movie/green-book/,https://www.metacritic.com/movie/green-book/critic-reviews/,2019-01-28,80,Empire,John Nugent,"A supremely likeable film. Its message might seem obvious and its template overcooked, but it boasts a warm heart, with two astoundingly good lead performances to guide it home.",https://www.empireonline.com/movies/green-book/review/,2019-01-22,2019-02-24,2019-01-28,"A supremely likeable film. Its message might seem obvious and its template overcooked, but it boasts a warm heart, with two astoundingly good lead performances to guide it home.",6,0.16666666666666666
2019,2018,Vice,0,vice-2018,https://www.metacritic.com/movie/vice-2018/,https://www.metacritic.com/movie/vice-2018/critic-reviews/,2019-01-29,58,The Atlantic,Christopher Orr,"With The Big Short, McKay threaded a needle by managing to be jokey while still serious, and angry while still entertaining. With Vice, he fails in both directions.",https://www.theatlantic.com/entertainment/archive/2018/12/vice-movie-review-dick-cheney-christian-bale-amy-adams-adam-mckay/578743/,2019-01-22,2019-02-24,2019-01-29,"With The Big Short, McKay threaded a needle by managing to be jokey while still serious, and angry while still entertaining. With Vice, he fails in both directions.",5,0.2
2019,2018,Vice,0,vice-2018,https://www.metacritic.com/movie/vice-2018/,https://www.metacritic.com/movie/vice-2018/critic-reviews/,2019-01-28,38,LarsenOnFilm,Josh Larsen,As a portrait of a real-world villain the movie is muddled and lacking any sort of compelling theory.,http://www.larsenonfilm.com/vice,2019-01-22,2019-02-24,2019-01-28,As a portrait of a real-world villain the movie is muddled and lacking any sort of compelling theory.,5,0.2
2019,2018,Vice,0,vice-2018,https://www.metacritic.com/movie/vice-2018/,https://www.metacritic.com/movie/vice-2018/critic-reviews/,2019-01-26,60,The Observer (UK),Wendy Ide,"It’s an ambitious piece of writing, certainly, springy with ideas and information. But whereas the screenplay for The Big Short, which McKay co-wrote with Charles Randolph, deftly negotiated the dense, often very dry material, here there is a slightly frantic top note to McKay’s trademark wryly satirical tone.",https://www.theguardian.com/film/2019/jan/26/vice-review-dick-cheney-christian-bale-adam-mckay-amy-adams,2019-01-22,2019-02-24,2019-01-26,"It’s an ambitious piece of writing, certainly, springy with ideas and information. But whereas the screenplay for The Big Short, which McKay co-wrote with Charles Randolph, deftly negotiated the dense, often very dry material, here there is a slightly frantic top note to McKay’s trademark wryly satirical tone.",5,0.2
2019,2018,Vice,0,vice-2018,https://www.metacritic.com/movie/vice-2018/,https://www.metacritic.com/movie/vice-2018/critic-reviews/,2019-01-25,80,CineVue,Maximilian Von Thun,"While on the whole Vice succeeds in offering a highly original take on Cheney’s time in office, it does have a number of weaknesses.",https://cine-vue.com/2019/01/film-review-vice.html,2019-01-22,2019-02-24,2019-01-25,"While on the whole Vice succeeds in offering a highly original take on Cheney’s time in office, it does have a number of weaknesses.",5,0.2
2019,2018,Vice,0,vice-2018,https://www.metacritic.com/movie/vice-2018/,https://www.metacritic.com/movie/vice-2018/critic-reviews/,2019-01-24,80,The Telegraph,Robbie Collin,"It is a head-spinning shock-and-awe satire that comes in hot then cranks up the thermostat to infernal – a Molotov cocktail of biopic, documentary and black comedy, with a thrillingly short fuse.",https://www.telegraph.co.uk/films/0/vice-review-crazily-good-christian-bale-turns-dick-cheney-every/,2019-01-22,2019-02-24,2019-01-24,"It is a head-spinning shock-and-awe satire that comes in hot then cranks up the thermostat to infernal – a Molotov cocktail of biopic, documentary and black comedy, with a thrillingly short fuse.",5,0.2
2020,2019,Ford v Ferrari,0,ford-v-ferrari,https://www.metacritic.com/movie/ford-v-ferrari/,https://www.metacritic.com/movie/ford-v-ferrari/critic-reviews/,2020-01-15,90,Film Threat,Alan Ng,"You’re going to watch Ford v Ferrari for the action, underdog story, and more-than-competent cast. Mangold also has the tone and pace of the film down perfectly. I would watch Ford v Ferrari over and over again.",https://filmthreat.com/reviews/ford-v-ferrari/,2020-01-13,2020-02-09,2020-01-15,"You’re going to watch Ford v Ferrari for the action, underdog story, and more-than-competent cast. Mangold also has the tone and pace of the film down perfectly. I would watch Ford v Ferrari over and over again.",1,1.0
2020,2019,Jojo Rabbit,0,jojo-rabbit,https://www.metacritic.com/movie/jojo-rabbit/,https://www.metacritic.com/movie/jojo-rabbit/critic-reviews/,2020-01-22,80,The Irish Times,Donald Clarke,"Jojo Rabbit works such tensions throughout: between laughter and groans, between emotion and sentimentality, between daring and bad taste. Such gambles are worth taking even if you believe the gambler is headed for the breadline.",https://www.irishtimes.com/culture/film/jojo-rabbit-between-daring-and-bad-taste-in-nazi-germany-1.4115985,2020-01-13,2020-02-09,2020-01-22,"Jojo Rabbit works such tensions throughout: between laughter and groans, between emotion and sentimentality, between daring and bad taste. Such gambles are worth taking even if you believe the gambler is headed for the breadline.",2,0.5
2020,2019,Jojo Rabbit,0,jojo-rabbit,https://www.metacritic.com/movie/jojo-rabbit/,https://www.metacritic.com/movie/jojo-rabbit/critic-reviews/,2020-01-15,90,Slashfilm,Chris Evangelista,"Waititi’s World War II satire is both a magic trick and a high-wire act – the filmmaker keeps pulling rabbits out of his hat while balancing comedy, kindness, and often shocking darkness. The end result is a heartfelt, sweet, blackly comedic coming-of-age journey that tries to find hope in hopeless times.",https://www.slashfilm.com/jojo-rabbit-review/,2020-01-13,2020-02-09,2020-01-15,"Waititi’s World War II satire is both a magic trick and a high-wire act – the filmmaker keeps pulling rabbits out of his hat while balancing comedy, kindness, and often shocking darkness. The end result is a heartfelt, sweet, blackly comedic coming-of-age journey that tries to find hope in hopeless times.",2,0.5
2020,2019,Joker,0,joker,https://www.metacritic.com/movie/joker/,https://www.metacritic.com/movie/joker/critic-reviews/,2020-02-04,50,Screen Rant,Sandy Schaefer,"At the end of the day, Joker comes off as Scorsese-lite in the same way that Phillips' last movie, War Dogs, did - albeit, with great acting from Phoenix to elevate it, but also a sense of self-seriousness that borders on self-parody and pretentiousness that War Dogs did not have.",https://screenrant.com/joker-movie-2019-reviews/,2020-01-13,2020-02-09,2020-02-04,"At the end of the day, Joker comes off as Scorsese-lite in the same way that Phillips' last movie, War Dogs, did - albeit, with great acting from Phoenix to elevate it, but also a sense of self-seriousness that borders on self-parody and pretentiousness that War Dogs did not have.",2,0.5
2020,2019,Joker,0,joker,https://www.metacritic.com/movie/joker/,https://www.metacritic.com/movie/joker/critic-reviews/,2020-02-04,80,Slashfilm,Chris Evangelista,"This is the truly subversive comic book movie we’ve been waiting for. Now that it’s here, we might start to regret the monster we’ve conjured up.",https://www.slashfilm.com/joker-review/,2020-01-13,2020-02-09,2020-02-04,"This is the truly subversive comic book movie we’ve been waiting for. Now that it’s here, we might start to regret the monster we’ve conjured up.",2,0.5
2020,2019,Little Women,0,little-women-2019,https://www.metacritic.com/movie/little-women-2019/,https://www.metacritic.com/movie/little-women-2019/critic-reviews/,2020-01-15,75,Film Threat,Hanna B.,"Because of Little Women‘s grandeur, opulence, and density, it is impossible to deny that the cast was not greatly directed.",https://filmthreat.com/reviews/little-women-hanna-b/,2020-01-13,2020-02-09,2020-01-15,"Because of Little Women‘s grandeur, opulence, and density, it is impossible to deny that the cast was not greatly directed.",1,1.0
2020,2019,1917,0,1917,https://www.metacritic.com/movie/1917/,https://www.metacritic.com/movie/1917/critic-reviews/,2020-01-22,30,The New Yorker,Richard Brody,"The so-called long take serves as a mask—a gross bit of earnest showmanship that both conceals and reflects the trickery and the cheap machinations of the script, the shallowness of the direction of the actors, and the brazenly superficial and emotion-dictating music score.",https://www.newyorker.com/culture/the-front-row/the-beauty-of-sam-mendess-1917-comes-at-a-cost,2020-01-13,2020-02-09,2020-01-22,"The so-called long take serves as a mask—a gross bit of earnest showmanship that both conceals and reflects the trickery and the cheap machinations of the script, the shallowness of the direction of the actors, and the brazenly superficial and emotion-dictating music score.",2,0.5
2020,2019,1917,0,1917,https://www.metacritic.com/movie/1917/,https://www.metacritic.com/movie/1917/critic-reviews/,2020-01-16,80,New Orleans Times-Picayune,Mike Scott,It’s an impressive cinematic accomplishment and a dandy bit of storytelling to boot.,https://www.nola.com/entertainment_life/movies_tv/article_6f479b4c-2e79-11ea-957d-9752365ee3a4.html,2020-01-13,2020-02-09,2020-01-16,It’s an impressive cinematic accomplishment and a dandy bit of storytelling to boot.,2,0.5
2020,2019,Parasite,1,parasite,https://www.metacritic.com/movie/parasite/,https://www.metacritic.com/movie/parasite/critic-reviews/,2020-02-07,100,Total Film,Jamie Graham,"Bong has once more proved what an exciting filmmaker he is, and Parasite is strong contender for Oscar Best Picture.",https://www.gamesradar.com/parasite-review/,2020-01-13,2020-02-09,2020-02-07,"Bong has once more proved what an exciting filmmaker he is, and Parasite is strong contender for Oscar Best Picture.",3,0.3333333333333333
2020,2019,Parasite,1,parasite,https://www.metacritic.com/movie/parasite/,https://www.metacritic.com/movie/parasite/critic-reviews/,2020-02-06,100,CineVue,Tom Duggins,"Parasite is quite simply a supreme feat of film-making, a tense and hilarious jewel box of a film that draws you deeper and deeper into its wicked, absurdist satire.",https://cine-vue.com/2020/02/film-review-parasite.html,2020-01-13,2020-02-09,2020-02-06,"Parasite is quite simply a supreme feat of film-making, a tense and hilarious jewel box of a film that draws you deeper and deeper into its wicked, absurdist satire.",3,0.3333333333333333
2020,2019,Parasite,1,parasite,https://www.metacritic.com/movie/parasite/,https://www.metacritic.com/movie/parasite/critic-reviews/,2020-02-03,100,Empire,John Nugent,A miracle of a film. It feels like Bong Joon-ho’s already extraordinary career has been building to this: a riotous social satire that’s as gloriously entertaining as it is deeply sardonic.,https://www.empireonline.com/movies/reviews/parasite/,2020-01-13,2020-02-09,2020-02-03,A miracle of a film. It feels like Bong Joon-ho’s already extraordinary career has been building to this: a riotous social satire that’s as gloriously entertaining as it is deeply sardonic.,3,0.3333333333333333
